"ColorName","NumOfColors","Type","ColorNum","ColorLetter","R","G","B"
"Accent","3","qual","1","A","127","201","127"
"Accent","3","qual","2","B","190","174","212"
"Accent","3","qual","3","C","253","192","134"
"Accent","4","qual","1","A","127","201","127"
"Accent","4","qual","2","B","190","174","212"
"Accent","4","qual","3","C","253","192","134"
"Accent","4","qual","4","D","255","255","153"
"Accent","5","qual","1","A","127","201","127"
"Accent","5","qual","2","B","190","174","212"
"Accent","5","qual","3","C","253","192","134"
"Accent","5","qual","4","D","255","255","153"
"Accent","5","qual","5","E","56","108","176"
"Accent","6","qual","1","A","127","201","127"
"Accent","6","qual","2","B","190","174","212"
"Accent","6","qual","3","C","253","192","134"
"Accent","6","qual","4","D","255","255","153"
"Accent","6","qual","5","E","56","108","176"
"Accent","6","qual","6","F","240","2","127"
"Accent","7","qual","1","A","127","201","127"
"Accent","7","qual","2","B","190","174","212"
"Accent","7","qual","3","C","253","192","134"
"Accent","7","qual","4","D","255","255","153"
"Accent","7","qual","5","E","56","108","176"
"Accent","7","qual","6","F","240","2","127"
"Accent","7","qual","7","G","191","91","23"
"Accent","8","qual","1","A","127","201","127"
"Accent","8","qual","2","B","190","174","212"
"Accent","8","qual","3","C","253","192","134"
"Accent","8","qual","4","D","255","255","153"
"Accent","8","qual","5","E","56","108","176"
"Accent","8","qual","6","F","240","2","127"
"Accent","8","qual","7","G","191","91","23"
"Accent","8","qual","8","H","102","102","102"
"Blues","3","seq","1","C","222","235","247"
"Blues","3","seq","2","F","158","202","225"
"Blues","3","seq","3","I","49","130","189"
"Blues","4","seq","1","B","239","243","255"
"Blues","4","seq","2","E","189","215","231"
"Blues","4","seq","3","G","107","174","214"
"Blues","4","seq","4","J","33","113","181"
"Blues","5","seq","1","B","239","243","255"
"Blues","5","seq","2","E","189","215","231"
"Blues","5","seq","3","G","107","174","214"
"Blues","5","seq","4","I","49","130","189"
"Blues","5","seq","5","K","8","81","156"
"Blues","6","seq","1","B","239","243","255"
"Blues","6","seq","2","D","198","219","239"
"Blues","6","seq","3","F","158","202","225"
"Blues","6","seq","4","G","107","174","214"
"Blues","6","seq","5","I","49","130","189"
"Blues","6","seq","6","K","8","81","156"
"Blues","7","seq","1","B","239","243","255"
"Blues","7","seq","2","D","198","219","239"
"Blues","7","seq","3","F","158","202","225"
"Blues","7","seq","4","G","107","174","214"
"Blues","7","seq","5","H","66","146","198"
"Blues","7","seq","6","J","33","113","181"
"Blues","7","seq","7","L","8","69","148"
"Blues","8","seq","1","A","247","251","255"
"Blues","8","seq","2","C","222","235","247"
"Blues","8","seq","3","D","198","219","239"
"Blues","8","seq","4","F","158","202","225"
"Blues","8","seq","5","G","107","174","214"
"Blues","8","seq","6","H","66","146","198"
"Blues","8","seq","7","J","33","113","181"
"Blues","8","seq","8","L","8","69","148"
"Blues","9","seq","1","A","247","251","255"
"Blues","9","seq","2","C","222","235","247"
"Blues","9","seq","3","D","198","219","239"
"Blues","9","seq","4","F","158","202","225"
"Blues","9","seq","5","G","107","174","214"
"Blues","9","seq","6","H","66","146","198"
"Blues","9","seq","7","J","33","113","181"
"Blues","9","seq","8","K","8","81","156"
"Blues","9","seq","9","M","8","48","107"
"Blues","10","seq","1","A","247","251","255"
"Blues","10","seq","2","C","222","235","247"
"Blues","10","seq","3","D","198","219","239"
"Blues","10","seq","4","F","158","202","225"
"Blues","10","seq","5","G","107","174","214"
"Blues","10","seq","6","H","66","146","198"
"Blues","10","seq","7","J","33","113","181"
"Blues","10","seq","8","K","8","81","156"
"Blues","10","seq","9","M","8","48","107"
"Blues","10","seq","10","O","5","30","68"
"BrBG","3","div","1","E","216","179","101"
"BrBG","3","div","2","H","245","245","245"
"BrBG","3","div","3","K","90","180","172"
"BrBG","4","div","1","C","166","97","26"
"BrBG","4","div","2","F","223","194","125"
"BrBG","4","div","3","J","128","205","193"
"BrBG","4","div","4","M","1","133","113"
"BrBG","5","div","1","C","166","97","26"
"BrBG","5","div","2","F","223","194","125"
"BrBG","5","div","3","H","245","245","245"
"BrBG","5","div","4","J","128","205","193"
"BrBG","5","div","5","M","1","133","113"
"BrBG","6","div","1","B","140","81","10"
"BrBG","6","div","2","E","216","179","101"
"BrBG","6","div","3","G","246","232","195"
"BrBG","6","div","4","I","199","234","229"
"BrBG","6","div","5","K","90","180","172"
"BrBG","6","div","6","N","1","102","94"
"BrBG","7","div","1","B","140","81","10"
"BrBG","7","div","2","E","216","179","101"
"BrBG","7","div","3","G","246","232","195"
"BrBG","7","div","4","H","245","245","245"
"BrBG","7","div","5","I","199","234","229"
"BrBG","7","div","6","K","90","180","172"
"BrBG","7","div","7","N","1","102","94"
"BrBG","8","div","1","B","140","81","10"
"BrBG","8","div","2","D","191","129","45"
"BrBG","8","div","3","F","223","194","125"
"BrBG","8","div","4","G","246","232","195"
"BrBG","8","div","5","I","199","234","229"
"BrBG","8","div","6","J","128","205","193"
"BrBG","8","div","7","L","53","151","143"
"BrBG","8","div","8","N","1","102","94"
"BrBG","9","div","1","B","140","81","10"
"BrBG","9","div","2","D","191","129","45"
"BrBG","9","div","3","F","223","194","125"
"BrBG","9","div","4","G","246","232","195"
"BrBG","9","div","5","H","245","245","245"
"BrBG","9","div","6","I","199","234","229"
"BrBG","9","div","7","J","128","205","193"
"BrBG","9","div","8","L","53","151","143"
"BrBG","9","div","9","N","1","102","94"
"BrBG","10","div","1","A","84","48","5"
"BrBG","10","div","2","B","140","81","10"
"BrBG","10","div","3","D","191","129","45"
"BrBG","10","div","4","F","223","194","125"
"BrBG","10","div","5","G","246","232","195"
"BrBG","10","div","6","I","199","234","229"
"BrBG","10","div","7","J","128","205","193"
"BrBG","10","div","8","L","53","151","143"
"BrBG","10","div","9","N","1","102","94"
"BrBG","10","div","10","O","0","60","48"
"BrBG","11","div","1","A","84","48","5"
"BrBG","11","div","2","B","140","81","10"
"BrBG","11","div","3","D","191","129","45"
"BrBG","11","div","4","F","223","194","125"
"BrBG","11","div","5","G","246","232","195"
"BrBG","11","div","6","H","245","245","245"
"BrBG","11","div","7","I","199","234","229"
"BrBG","11","div","8","J","128","205","193"
"BrBG","11","div","9","L","53","151","143"
"BrBG","11","div","10","N","1","102","94"
"BrBG","11","div","11","O","0","60","48"
"BuGn","3","seq","1","C","229","245","249"
"BuGn","3","seq","2","F","153","216","201"
"BuGn","3","seq","3","I","44","162","95"
"BuGn","4","seq","1","B","237","248","251"
"BuGn","4","seq","2","E","178","226","226"
"BuGn","4","seq","3","G","102","194","164"
"BuGn","4","seq","4","J","35","139","69"
"BuGn","5","seq","1","B","237","248","251"
"BuGn","5","seq","2","E","178","226","226"
"BuGn","5","seq","3","G","102","194","164"
"BuGn","5","seq","4","I","44","162","95"
"BuGn","5","seq","5","K","0","109","44"
"BuGn","6","seq","1","B","237","248","251"
"BuGn","6","seq","2","D","204","236","230"
"BuGn","6","seq","3","F","153","216","201"
"BuGn","6","seq","4","G","102","194","164"
"BuGn","6","seq","5","I","44","162","95"
"BuGn","6","seq","6","K","0","109","44"
"BuGn","7","seq","1","B","237","248","251"
"BuGn","7","seq","2","D","204","236","230"
"BuGn","7","seq","3","F","153","216","201"
"BuGn","7","seq","4","G","102","194","164"
"BuGn","7","seq","5","H","65","174","118"
"BuGn","7","seq","6","J","35","139","69"
"BuGn","7","seq","7","L","0","88","36"
"BuGn","8","seq","1","A","247","252","253"
"BuGn","8","seq","2","C","229","245","249"
"BuGn","8","seq","3","D","204","236","230"
"BuGn","8","seq","4","F","153","216","201"
"BuGn","8","seq","5","G","102","194","164"
"BuGn","8","seq","6","H","65","174","118"
"BuGn","8","seq","7","J","35","139","69"
"BuGn","8","seq","8","L","0","88","36"
"BuGn","9","seq","1","A","247","252","253"
"BuGn","9","seq","2","C","229","245","249"
"BuGn","9","seq","3","D","204","236","230"
"BuGn","9","seq","4","F","153","216","201"
"BuGn","9","seq","5","G","102","194","164"
"BuGn","9","seq","6","H","65","174","118"
"BuGn","9","seq","7","J","35","139","69"
"BuGn","9","seq","8","K","0","109","44"
"BuGn","9","seq","9","M","0","68","27"
"BuGn","10","seq","1","A","247","252","253"
"BuGn","10","seq","2","C","229","245","249"
"BuGn","10","seq","3","D","204","236","230"
"BuGn","10","seq","4","F","153","216","201"
"BuGn","10","seq","5","G","102","194","164"
"BuGn","10","seq","6","H","65","174","118"
"BuGn","10","seq","7","J","35","139","69"
"BuGn","10","seq","8","K","0","109","44"
"BuGn","10","seq","9","M","0","68","27"
"BuGn","10","seq","10","O","0","43","17"
"BuPu","3","seq","1","C","224","236","244"
"BuPu","3","seq","2","F","158","188","218"
"BuPu","3","seq","3","I","136","86","167"
"BuPu","4","seq","1","B","237","248","251"
"BuPu","4","seq","2","E","179","205","227"
"BuPu","4","seq","3","G","140","150","198"
"BuPu","4","seq","4","J","136","65","157"
"BuPu","5","seq","1","B","237","248","251"
"BuPu","5","seq","2","E","179","205","227"
"BuPu","5","seq","3","G","140","150","198"
"BuPu","5","seq","4","I","136","86","167"
"BuPu","5","seq","5","K","129","15","124"
"BuPu","6","seq","1","B","237","248","251"
"BuPu","6","seq","2","D","191","211","230"
"BuPu","6","seq","3","F","158","188","218"
"BuPu","6","seq","4","G","140","150","198"
"BuPu","6","seq","5","I","136","86","167"
"BuPu","6","seq","6","K","129","15","124"
"BuPu","7","seq","1","B","237","248","251"
"BuPu","7","seq","2","D","191","211","230"
"BuPu","7","seq","3","F","158","188","218"
"BuPu","7","seq","4","G","140","150","198"
"BuPu","7","seq","5","H","140","107","177"
"BuPu","7","seq","6","J","136","65","157"
"BuPu","7","seq","7","L","110","1","107"
"BuPu","8","seq","1","A","247","252","253"
"BuPu","8","seq","2","C","224","236","244"
"BuPu","8","seq","3","D","191","211","230"
"BuPu","8","seq","4","F","158","188","218"
"BuPu","8","seq","5","G","140","150","198"
"BuPu","8","seq","6","H","140","107","177"
"BuPu","8","seq","7","J","136","65","157"
"BuPu","8","seq","8","L","110","1","107"
"BuPu","9","seq","1","A","247","252","253"
"BuPu","9","seq","2","C","224","236","244"
"BuPu","9","seq","3","D","191","211","230"
"BuPu","9","seq","4","F","158","188","218"
"BuPu","9","seq","5","G","140","150","198"
"BuPu","9","seq","6","H","140","107","177"
"BuPu","9","seq","7","J","136","65","157"
"BuPu","9","seq","8","K","129","15","124"
"BuPu","9","seq","9","M","77","0","75"
"BuPu","10","seq","1","A","247","252","253"
"BuPu","10","seq","2","C","224","236","244"
"BuPu","10","seq","3","D","191","211","230"
"BuPu","10","seq","4","F","158","188","218"
"BuPu","10","seq","5","G","140","150","198"
"BuPu","10","seq","6","H","140","107","177"
"BuPu","10","seq","7","J","136","65","157"
"BuPu","10","seq","8","K","129","15","124"
"BuPu","10","seq","9","M","77","0","75"
"BuPu","10","seq","10","O","49","0","48"
"Dark2","3","qual","1","A","27","158","119"
"Dark2","3","qual","2","B","217","95","2"
"Dark2","3","qual","3","C","117","112","179"
"Dark2","4","qual","1","A","27","158","119"
"Dark2","4","qual","2","B","217","95","2"
"Dark2","4","qual","3","C","117","112","179"
"Dark2","4","qual","4","D","231","41","138"
"Dark2","5","qual","1","A","27","158","119"
"Dark2","5","qual","2","B","217","95","2"
"Dark2","5","qual","3","C","117","112","179"
"Dark2","5","qual","4","D","231","41","138"
"Dark2","5","qual","5","E","102","166","30"
"Dark2","6","qual","1","A","27","158","119"
"Dark2","6","qual","2","B","217","95","2"
"Dark2","6","qual","3","C","117","112","179"
"Dark2","6","qual","4","D","231","41","138"
"Dark2","6","qual","5","E","102","166","30"
"Dark2","6","qual","6","F","230","171","2"
"Dark2","7","qual","1","A","27","158","119"
"Dark2","7","qual","2","B","217","95","2"
"Dark2","7","qual","3","C","117","112","179"
"Dark2","7","qual","4","D","231","41","138"
"Dark2","7","qual","5","E","102","166","30"
"Dark2","7","qual","6","F","230","171","2"
"Dark2","7","qual","7","G","166","118","29"
"Dark2","8","qual","1","A","27","158","119"
"Dark2","8","qual","2","B","217","95","2"
"Dark2","8","qual","3","C","117","112","179"
"Dark2","8","qual","4","D","231","41","138"
"Dark2","8","qual","5","E","102","166","30"
"Dark2","8","qual","6","F","230","171","2"
"Dark2","8","qual","7","G","166","118","29"
"Dark2","8","qual","8","H","102","102","102"
"GnBu","3","seq","1","C","224","243","219"
"GnBu","3","seq","2","F","168","221","181"
"GnBu","3","seq","3","I","67","162","202"
"GnBu","4","seq","1","B","240","249","232"
"GnBu","4","seq","2","E","186","228","188"
"GnBu","4","seq","3","G","123","204","196"
"GnBu","4","seq","4","J","43","140","190"
"GnBu","5","seq","1","B","240","249","232"
"GnBu","5","seq","2","E","186","228","188"
"GnBu","5","seq","3","G","123","204","196"
"GnBu","5","seq","4","I","67","162","202"
"GnBu","5","seq","5","K","8","104","172"
"GnBu","6","seq","1","B","240","249","232"
"GnBu","6","seq","2","D","204","235","197"
"GnBu","6","seq","3","F","168","221","181"
"GnBu","6","seq","4","G","123","204","196"
"GnBu","6","seq","5","I","67","162","202"
"GnBu","6","seq","6","K","8","104","172"
"GnBu","7","seq","1","B","240","249","232"
"GnBu","7","seq","2","D","204","235","197"
"GnBu","7","seq","3","F","168","221","181"
"GnBu","7","seq","4","G","123","204","196"
"GnBu","7","seq","5","H","78","179","211"
"GnBu","7","seq","6","J","43","140","190"
"GnBu","7","seq","7","L","8","88","158"
"GnBu","8","seq","1","A","247","252","240"
"GnBu","8","seq","2","C","224","243","219"
"GnBu","8","seq","3","D","204","235","197"
"GnBu","8","seq","4","F","168","221","181"
"GnBu","8","seq","5","G","123","204","196"
"GnBu","8","seq","6","H","78","179","211"
"GnBu","8","seq","7","J","43","140","190"
"GnBu","8","seq","8","L","8","88","158"
"GnBu","9","seq","1","A","247","252","240"
"GnBu","9","seq","2","C","224","243","219"
"GnBu","9","seq","3","D","204","235","197"
"GnBu","9","seq","4","F","168","221","181"
"GnBu","9","seq","5","G","123","204","196"
"GnBu","9","seq","6","H","78","179","211"
"GnBu","9","seq","7","J","43","140","190"
"GnBu","9","seq","8","K","8","104","172"
"GnBu","9","seq","9","M","8","64","129"
"GnBu","10","seq","1","A","247","252","240"
"GnBu","10","seq","2","C","224","243","219"
"GnBu","10","seq","3","D","204","235","197"
"GnBu","10","seq","4","F","168","221","181"
"GnBu","10","seq","5","G","123","204","196"
"GnBu","10","seq","6","H","78","179","211"
"GnBu","10","seq","7","J","43","140","190"
"GnBu","10","seq","8","K","8","104","172"
"GnBu","10","seq","9","M","8","64","129"
"GnBu","10","seq","10","O","5","41","82"
"Greens","3","seq","1","C","229","245","224"
"Greens","3","seq","2","F","161","217","155"
"Greens","3","seq","3","I","49","163","84"
"Greens","3","seq","1","B","237","248","233"
"Greens","3","seq","2","E","186","228","179"
"Greens","3","seq","3","G","116","196","118"
"Greens","3","seq","4","J","35","139","69"
"Greens","5","seq","1","B","237","248","233"
"Greens","5","seq","2","E","186","228","179"
"Greens","5","seq","3","G","116","196","118"
"Greens","5","seq","4","I","49","163","84"
"Greens","5","seq","5","K","0","109","44"
"Greens","6","seq","1","B","237","248","233"
"Greens","6","seq","2","D","199","233","192"
"Greens","6","seq","3","F","161","217","155"
"Greens","6","seq","4","G","116","196","118"
"Greens","6","seq","5","I","49","163","84"
"Greens","6","seq","6","K","0","109","44"
"Greens","7","seq","1","B","237","248","233"
"Greens","7","seq","2","D","199","233","192"
"Greens","7","seq","3","F","161","217","155"
"Greens","7","seq","4","G","116","196","118"
"Greens","7","seq","5","H","65","171","93"
"Greens","7","seq","6","J","35","139","69"
"Greens","7","seq","7","L","0","90","50"
"Greens","8","seq","1","A","247","252","245"
"Greens","8","seq","2","C","229","245","224"
"Greens","8","seq","3","D","199","233","192"
"Greens","8","seq","4","F","161","217","155"
"Greens","8","seq","5","G","116","196","118"
"Greens","8","seq","6","H","65","171","93"
"Greens","8","seq","7","J","35","139","69"
"Greens","8","seq","8","L","0","90","50"
"Greens","9","seq","1","A","247","252","245"
"Greens","9","seq","2","C","229","245","224"
"Greens","9","seq","3","D","199","233","192"
"Greens","9","seq","4","F","161","217","155"
"Greens","9","seq","5","G","116","196","118"
"Greens","9","seq","6","H","65","171","93"
"Greens","9","seq","7","J","35","139","69"
"Greens","9","seq","8","K","0","109","44"
"Greens","9","seq","9","M","0","68","27"
"Greens","10","seq","1","A","247","252","245"
"Greens","10","seq","2","C","229","245","224"
"Greens","10","seq","3","D","199","233","192"
"Greens","10","seq","4","F","161","217","155"
"Greens","10","seq","5","G","116","196","118"
"Greens","10","seq","6","H","65","171","93"
"Greens","10","seq","7","J","35","139","69"
"Greens","10","seq","8","K","0","109","44"
"Greens","10","seq","9","M","0","68","27"
"Greens","10","seq","10","O","0","43","17"
"Greys","3","seq","1","C","240","240","240"
"Greys","3","seq","2","F","189","189","189"
"Greys","3","seq","3","I","99","99","99"
"Greys","4","seq","1","B","247","247","247"
"Greys","4","seq","2","E","204","204","204"
"Greys","4","seq","3","G","150","150","150"
"Greys","4","seq","4","J","82","82","82"
"Greys","5","seq","1","B","247","247","247"
"Greys","5","seq","2","E","204","204","204"
"Greys","5","seq","3","G","150","150","150"
"Greys","5","seq","4","I","99","99","99"
"Greys","5","seq","5","K","37","37","37"
"Greys","6","seq","1","B","247","247","247"
"Greys","6","seq","2","D","217","217","217"
"Greys","6","seq","3","F","189","189","189"
"Greys","6","seq","4","G","150","150","150"
"Greys","6","seq","5","I","99","99","99"
"Greys","6","seq","6","K","37","37","37"
"Greys","7","seq","1","B","247","247","247"
"Greys","7","seq","2","D","217","217","217"
"Greys","7","seq","3","F","189","189","189"
"Greys","7","seq","4","G","150","150","150"
"Greys","7","seq","5","H","115","115","115"
"Greys","7","seq","6","J","82","82","82"
"Greys","7","seq","7","L","37","37","37"
"Greys","8","seq","1","A","255","255","255"
"Greys","8","seq","2","C","240","240","240"
"Greys","8","seq","3","D","217","217","217"
"Greys","8","seq","4","F","189","189","189"
"Greys","8","seq","5","G","150","150","150"
"Greys","8","seq","6","H","115","115","115"
"Greys","8","seq","7","J","82","82","82"
"Greys","8","seq","8","L","37","37","37"
"Greys","9","seq","1","A","255","255","255"
"Greys","9","seq","2","C","240","240","240"
"Greys","9","seq","3","D","217","217","217"
"Greys","9","seq","4","F","189","189","189"
"Greys","9","seq","5","G","150","150","150"
"Greys","9","seq","6","H","115","115","115"
"Greys","9","seq","7","J","82","82","82"
"Greys","9","seq","8","K","37","37","37"
"Greys","9","seq","9","M","0","0","0"
"Greys","10","seq","1","A","255","255","255"
"Greys","10","seq","2","C","240","240","240"
"Greys","10","seq","3","D","217","217","217"
"Greys","10","seq","4","F","189","189","189"
"Greys","10","seq","5","G","150","150","150"
"Greys","10","seq","6","H","115","115","115"
"Greys","10","seq","7","J","82","82","82"
"Greys","10","seq","8","K","37","37","37"
"Greys","10","seq","9","M","23","23","23"
"Greys","10","seq","10","O","0","0","0"
"Oranges","3","seq","1","C","254","230","206"
"Oranges","3","seq","2","F","253","174","107"
"Oranges","3","seq","3","I","230","85","13"
"Oranges","4","seq","1","B","254","237","222"
"Oranges","4","seq","2","E","253","190","133"
"Oranges","4","seq","3","G","253","141","60"
"Oranges","4","seq","4","J","217","71","1"
"Oranges","5","seq","1","B","254","237","222"
"Oranges","5","seq","2","E","253","190","133"
"Oranges","5","seq","3","G","253","141","60"
"Oranges","5","seq","4","I","230","85","13"
"Oranges","5","seq","5","K","166","54","3"
"Oranges","6","seq","1","B","254","237","222"
"Oranges","6","seq","2","D","253","208","162"
"Oranges","6","seq","3","F","253","174","107"
"Oranges","6","seq","4","G","253","141","60"
"Oranges","6","seq","5","I","230","85","13"
"Oranges","6","seq","6","K","166","54","3"
"Oranges","7","seq","1","B","254","237","222"
"Oranges","7","seq","2","D","253","208","162"
"Oranges","7","seq","3","F","253","174","107"
"Oranges","7","seq","4","G","253","141","60"
"Oranges","7","seq","5","H","241","105","19"
"Oranges","7","seq","6","J","217","72","1"
"Oranges","7","seq","7","L","140","45","4"
"Oranges","8","seq","1","A","255","245","235"
"Oranges","8","seq","2","C","254","230","206"
"Oranges","8","seq","3","D","253","208","162"
"Oranges","8","seq","4","F","253","174","107"
"Oranges","8","seq","5","G","253","141","60"
"Oranges","8","seq","6","H","241","105","19"
"Oranges","8","seq","7","J","217","72","1"
"Oranges","8","seq","8","L","140","45","4"
"Oranges","9","seq","1","A","255","245","235"
"Oranges","9","seq","2","C","254","230","206"
"Oranges","9","seq","3","D","253","208","162"
"Oranges","9","seq","4","F","253","174","107"
"Oranges","9","seq","5","G","253","141","60"
"Oranges","9","seq","6","H","241","105","19"
"Oranges","9","seq","7","J","217","72","1"
"Oranges","9","seq","8","K","166","54","3"
"Oranges","9","seq","9","M","127","39","4"
"Oranges","10","seq","1","A","255","245","235"
"Oranges","10","seq","2","C","254","230","206"
"Oranges","10","seq","3","D","253","208","162"
"Oranges","10","seq","4","F","253","174","107"
"Oranges","10","seq","5","G","253","141","60"
"Oranges","10","seq","6","H","241","105","19"
"Oranges","10","seq","7","J","217","72","1"
"Oranges","10","seq","8","K","166","54","3"
"Oranges","10","seq","9","M","127","39","4"
"Oranges","10","seq","10","O","81","25","2"
"OrRd","3","seq","1","C","254","232","200"
"OrRd","3","seq","2","F","253","187","132"
"OrRd","3","seq","3","I","227","74","51"
"OrRd","4","seq","1","B","254","240","217"
"OrRd","4","seq","2","E","253","204","138"
"OrRd","4","seq","3","G","252","141","89"
"OrRd","4","seq","4","J","215","48","31"
"OrRd","5","seq","1","B","254","240","217"
"OrRd","5","seq","2","E","253","204","138"
"OrRd","5","seq","3","G","252","141","89"
"OrRd","5","seq","4","I","227","74","51"
"OrRd","5","seq","5","K","179","0","0"
"OrRd","6","seq","1","B","254","240","217"
"OrRd","6","seq","2","D","253","212","158"
"OrRd","6","seq","3","F","253","187","132"
"OrRd","6","seq","4","G","252","141","89"
"OrRd","6","seq","5","I","227","74","51"
"OrRd","6","seq","6","K","179","0","0"
"OrRd","7","seq","1","B","254","240","217"
"OrRd","7","seq","2","D","253","212","158"
"OrRd","7","seq","3","F","253","187","132"
"OrRd","7","seq","4","G","252","141","89"
"OrRd","7","seq","5","H","239","101","72"
"OrRd","7","seq","6","J","215","48","31"
"OrRd","7","seq","7","L","153","0","0"
"OrRd","8","seq","1","A","255","247","236"
"OrRd","8","seq","2","C","254","232","200"
"OrRd","8","seq","3","D","253","212","158"
"OrRd","8","seq","4","F","253","187","132"
"OrRd","8","seq","5","G","252","141","89"
"OrRd","8","seq","6","H","239","101","72"
"OrRd","8","seq","7","J","215","48","31"
"OrRd","8","seq","8","L","153","0","0"
"OrRd","9","seq","1","A","255","247","236"
"OrRd","9","seq","2","C","254","232","200"
"OrRd","9","seq","3","D","253","212","158"
"OrRd","9","seq","4","F","253","187","132"
"OrRd","9","seq","5","G","252","141","89"
"OrRd","9","seq","6","H","239","101","72"
"OrRd","9","seq","7","J","215","48","31"
"OrRd","9","seq","8","K","179","0","0"
"OrRd","9","seq","9","M","127","0","0"
"OrRd","10","seq","1","A","255","247","236"
"OrRd","10","seq","2","C","254","232","200"
"OrRd","10","seq","3","D","253","212","158"
"OrRd","10","seq","4","F","253","187","132"
"OrRd","10","seq","5","G","252","141","89"
"OrRd","10","seq","6","H","239","101","72"
"OrRd","10","seq","7","J","215","48","31"
"OrRd","10","seq","8","K","179","0","0"
"OrRd","10","seq","9","M","127","0","0"
"OrRd","10","seq","10","O","81","0","0"
"Paired","3","qual","1","A","166","206","227"
"Paired","3","qual","2","B","31","120","180"
"Paired","3","qual","3","C","178","223","138"
"Paired","4","qual","1","A","166","206","227"
"Paired","4","qual","2","B","31","120","180"
"Paired","4","qual","3","C","178","223","138"
"Paired","4","qual","4","D","51","160","44"
"Paired","5","qual","1","A","166","206","227"
"Paired","5","qual","2","B","31","120","180"
"Paired","5","qual","3","C","178","223","138"
"Paired","5","qual","4","D","51","160","44"
"Paired","5","qual","5","E","251","154","153"
"Paired","6","qual","1","A","166","206","227"
"Paired","6","qual","2","B","31","120","180"
"Paired","6","qual","3","C","178","223","138"
"Paired","6","qual","4","D","51","160","44"
"Paired","6","qual","5","E","251","154","153"
"Paired","6","qual","6","F","227","26","28"
"Paired","7","qual","1","A","166","206","227"
"Paired","7","qual","2","B","31","120","180"
"Paired","7","qual","3","C","178","223","138"
"Paired","7","qual","4","D","51","160","44"
"Paired","7","qual","5","E","251","154","153"
"Paired","7","qual","6","F","227","26","28"
"Paired","7","qual","7","G","253","191","111"
"Paired","8","qual","1","A","166","206","227"
"Paired","8","qual","2","B","31","120","180"
"Paired","8","qual","3","C","178","223","138"
"Paired","8","qual","4","D","51","160","44"
"Paired","8","qual","5","E","251","154","153"
"Paired","8","qual","6","F","227","26","28"
"Paired","8","qual","7","G","253","191","111"
"Paired","8","qual","8","H","255","127","0"
"Paired","9","qual","1","A","166","206","227"
"Paired","9","qual","2","B","31","120","180"
"Paired","9","qual","3","C","178","223","138"
"Paired","9","qual","4","D","51","160","44"
"Paired","9","qual","5","E","251","154","153"
"Paired","9","qual","6","F","227","26","28"
"Paired","9","qual","7","G","253","191","111"
"Paired","9","qual","8","H","255","127","0"
"Paired","9","qual","9","I","202","178","214"
"Paired","10","qual","1","A","166","206","227"
"Paired","10","qual","2","B","31","120","180"
"Paired","10","qual","3","C","178","223","138"
"Paired","10","qual","4","D","51","160","44"
"Paired","10","qual","5","E","251","154","153"
"Paired","10","qual","6","F","227","26","28"
"Paired","10","qual","7","G","253","191","111"
"Paired","10","qual","8","H","255","127","0"
"Paired","10","qual","9","I","202","178","214"
"Paired","10","qual","10","J","106","61","154"
"Paired","11","qual","1","A","166","206","227"
"Paired","11","qual","2","B","31","120","180"
"Paired","11","qual","3","C","178","223","138"
"Paired","11","qual","4","D","51","160","44"
"Paired","11","qual","5","E","251","154","153"
"Paired","11","qual","6","F","227","26","28"
"Paired","11","qual","7","G","253","191","111"
"Paired","11","qual","8","H","255","127","0"
"Paired","11","qual","9","I","202","178","214"
"Paired","11","qual","10","J","106","61","154"
"Paired","11","qual","11","K","255","255","153"
"Paired","12","qual","1","A","166","206","227"
"Paired","12","qual","2","B","31","120","180"
"Paired","12","qual","3","C","178","223","138"
"Paired","12","qual","4","D","51","160","44"
"Paired","12","qual","5","E","251","154","153"
"Paired","12","qual","6","F","227","26","28"
"Paired","12","qual","7","G","253","191","111"
"Paired","12","qual","8","H","255","127","0"
"Paired","12","qual","9","I","202","178","214"
"Paired","12","qual","10","J","106","61","154"
"Paired","12","qual","11","K","255","255","153"
"Paired","12","qual","12","L","177","89","40"
"Pastel1","3","qual","1","A","251","180","174"
"Pastel1","3","qual","2","B","179","205","227"
"Pastel1","3","qual","3","C","204","235","197"
"Pastel1","4","qual","1","A","251","180","174"
"Pastel1","4","qual","2","B","179","205","227"
"Pastel1","4","qual","3","C","204","235","197"
"Pastel1","4","qual","4","D","222","203","228"
"Pastel1","5","qual","1","A","251","180","174"
"Pastel1","5","qual","2","B","179","205","227"
"Pastel1","5","qual","3","C","204","235","197"
"Pastel1","5","qual","4","D","222","203","228"
"Pastel1","5","qual","5","E","254","217","166"
"Pastel1","6","qual","1","A","251","180","174"
"Pastel1","6","qual","2","B","179","205","227"
"Pastel1","6","qual","3","C","204","235","197"
"Pastel1","6","qual","4","D","222","203","228"
"Pastel1","6","qual","5","E","254","217","166"
"Pastel1","6","qual","6","F","255","255","204"
"Pastel1","7","qual","1","A","251","180","174"
"Pastel1","7","qual","2","B","179","205","227"
"Pastel1","7","qual","3","C","204","235","197"
"Pastel1","7","qual","4","D","222","203","228"
"Pastel1","7","qual","5","E","254","217","166"
"Pastel1","7","qual","6","F","255","255","204"
"Pastel1","7","qual","7","G","229","216","189"
"Pastel1","8","qual","1","A","251","180","174"
"Pastel1","8","qual","2","B","179","205","227"
"Pastel1","8","qual","3","C","204","235","197"
"Pastel1","8","qual","4","D","222","203","228"
"Pastel1","8","qual","5","E","254","217","166"
"Pastel1","8","qual","6","F","255","255","204"
"Pastel1","8","qual","7","G","229","216","189"
"Pastel1","8","qual","8","H","253","218","236"
"Pastel1","9","qual","1","A","251","180","174"
"Pastel1","9","qual","2","B","179","205","227"
"Pastel1","9","qual","3","C","204","235","197"
"Pastel1","9","qual","4","D","222","203","228"
"Pastel1","9","qual","5","E","254","217","166"
"Pastel1","9","qual","6","F","255","255","204"
"Pastel1","9","qual","7","G","229","216","189"
"Pastel1","9","qual","8","H","253","218","236"
"Pastel1","9","qual","9","I","242","242","242"
"Pastel2","3","qual","1","A","179","226","205"
"Pastel2","3","qual","2","B","253","205","172"
"Pastel2","3","qual","3","C","203","213","232"
"Pastel2","4","qual","1","A","179","226","205"
"Pastel2","4","qual","2","B","253","205","172"
"Pastel2","4","qual","3","C","203","213","232"
"Pastel2","4","qual","4","D","244","202","228"
"Pastel2","5","qual","1","A","179","226","205"
"Pastel2","5","qual","2","B","253","205","172"
"Pastel2","5","qual","3","C","203","213","232"
"Pastel2","5","qual","4","D","244","202","228"
"Pastel2","5","qual","5","E","230","245","201"
"Pastel2","6","qual","1","A","179","226","205"
"Pastel2","6","qual","2","B","253","205","172"
"Pastel2","6","qual","3","C","203","213","232"
"Pastel2","6","qual","4","D","244","202","228"
"Pastel2","6","qual","5","E","230","245","201"
"Pastel2","6","qual","6","F","255","242","174"
"Pastel2","7","qual","1","A","179","226","205"
"Pastel2","7","qual","2","B","253","205","172"
"Pastel2","7","qual","3","C","203","213","232"
"Pastel2","7","qual","4","D","244","202","228"
"Pastel2","7","qual","5","E","230","245","201"
"Pastel2","7","qual","6","F","255","242","174"
"Pastel2","7","qual","7","G","241","226","204"
"Pastel2","8","qual","1","A","179","226","205"
"Pastel2","8","qual","2","B","253","205","172"
"Pastel2","8","qual","3","C","203","213","232"
"Pastel2","8","qual","4","D","244","202","228"
"Pastel2","8","qual","5","E","230","245","201"
"Pastel2","8","qual","6","F","255","242","174"
"Pastel2","8","qual","7","G","241","226","204"
"Pastel2","8","qual","8","H","204","204","204"
"PiYG","3","div","1","E","233","163","201"
"PiYG","3","div","2","H","247","247","247"
"PiYG","3","div","3","K","161","215","106"
"PiYG","4","div","1","C","208","28","139"
"PiYG","4","div","2","F","241","182","218"
"PiYG","4","div","3","J","184","225","134"
"PiYG","4","div","4","M","77","172","38"
"PiYG","5","div","1","C","208","28","139"
"PiYG","5","div","2","F","241","182","218"
"PiYG","5","div","3","H","247","247","247"
"PiYG","5","div","4","J","184","225","134"
"PiYG","5","div","5","M","77","172","38"
"PiYG","6","div","1","B","197","27","125"
"PiYG","6","div","2","E","233","163","201"
"PiYG","6","div","3","G","253","224","239"
"PiYG","6","div","4","I","230","245","208"
"PiYG","6","div","5","K","161","215","106"
"PiYG","6","div","6","N","77","146","33"
"PiYG","7","div","1","B","197","27","125"
"PiYG","7","div","2","E","233","163","201"
"PiYG","7","div","3","G","253","224","239"
"PiYG","7","div","4","H","247","247","247"
"PiYG","7","div","5","I","230","245","208"
"PiYG","7","div","6","K","161","215","106"
"PiYG","7","div","7","N","77","146","33"
"PiYG","8","div","1","B","197","27","125"
"PiYG","8","div","2","D","222","119","174"
"PiYG","8","div","3","F","241","182","218"
"PiYG","8","div","4","G","253","224","239"
"PiYG","8","div","5","I","230","245","208"
"PiYG","8","div","6","J","184","225","134"
"PiYG","8","div","7","L","127","188","65"
"PiYG","8","div","8","N","77","146","33"
"PiYG","9","div","1","B","197","27","125"
"PiYG","9","div","2","D","222","119","174"
"PiYG","9","div","3","F","241","182","218"
"PiYG","9","div","4","G","253","224","239"
"PiYG","9","div","5","H","247","247","247"
"PiYG","9","div","6","I","230","245","208"
"PiYG","9","div","7","J","184","225","134"
"PiYG","9","div","8","L","127","188","65"
"PiYG","9","div","9","N","77","146","33"
"PiYG","10","div","1","A","142","1","82"
"PiYG","10","div","2","B","197","27","125"
"PiYG","10","div","3","D","222","119","174"
"PiYG","10","div","4","F","241","182","218"
"PiYG","10","div","5","G","253","224","239"
"PiYG","10","div","6","I","230","245","208"
"PiYG","10","div","7","J","184","225","134"
"PiYG","10","div","8","L","127","188","65"
"PiYG","10","div","9","N","77","146","33"
"PiYG","10","div","10","O","39","100","25"
"PiYG","11","div","1","A","142","1","82"
"PiYG","11","div","2","B","197","27","125"
"PiYG","11","div","3","D","222","119","174"
"PiYG","11","div","4","F","241","182","218"
"PiYG","11","div","5","G","253","224","239"
"PiYG","11","div","6","H","247","247","247"
"PiYG","11","div","7","I","230","245","208"
"PiYG","11","div","8","J","184","225","134"
"PiYG","11","div","9","L","127","188","65"
"PiYG","11","div","10","N","77","146","33"
"PiYG","11","div","11","O","39","100","25"
"PRGn","3","div","1","E","175","141","195"
"PRGn","3","div","2","H","247","247","247"
"PRGn","3","div","3","K","127","191","123"
"PRGn","4","div","1","C","123","50","148"
"PRGn","4","div","2","F","194","165","207"
"PRGn","4","div","3","J","166","219","160"
"PRGn","4","div","4","M","0","136","55"
"PRGn","5","div","1","C","123","50","148"
"PRGn","5","div","2","F","194","165","207"
"PRGn","5","div","3","H","247","247","247"
"PRGn","5","div","4","J","166","219","160"
"PRGn","5","div","5","M","0","136","55"
"PRGn","6","div","1","B","118","42","131"
"PRGn","6","div","2","E","175","141","195"
"PRGn","6","div","3","G","231","212","232"
"PRGn","6","div","4","I","217","240","211"
"PRGn","6","div","5","K","127","191","123"
"PRGn","6","div","6","N","27","120","55"
"PRGn","7","div","1","B","118","42","131"
"PRGn","7","div","2","E","175","141","195"
"PRGn","7","div","3","G","231","212","232"
"PRGn","7","div","4","H","247","247","247"
"PRGn","7","div","5","I","217","240","211"
"PRGn","7","div","6","K","127","191","123"
"PRGn","7","div","7","N","27","120","55"
"PRGn","8","div","1","B","118","42","131"
"PRGn","8","div","2","D","153","112","171"
"PRGn","8","div","3","F","194","165","207"
"PRGn","8","div","4","G","231","212","232"
"PRGn","8","div","5","I","217","240","211"
"PRGn","8","div","6","J","166","219","160"
"PRGn","8","div","7","L","90","174","97"
"PRGn","8","div","8","N","27","120","55"
"PRGn","9","div","1","B","118","42","131"
"PRGn","9","div","2","D","153","112","171"
"PRGn","9","div","3","F","194","165","207"
"PRGn","9","div","4","G","231","212","232"
"PRGn","9","div","5","H","247","247","247"
"PRGn","9","div","6","I","217","240","211"
"PRGn","9","div","7","J","166","219","160"
"PRGn","9","div","8","L","90","174","97"
"PRGn","9","div","9","N","27","120","55"
"PRGn","10","div","1","A","64","0","75"
"PRGn","10","div","2","B","118","42","131"
"PRGn","10","div","3","D","153","112","171"
"PRGn","10","div","4","F","194","165","207"
"PRGn","10","div","5","G","231","212","232"
"PRGn","10","div","6","I","217","240","211"
"PRGn","10","div","7","J","166","219","160"
"PRGn","10","div","8","L","90","174","97"
"PRGn","10","div","9","N","27","120","55"
"PRGn","10","div","10","O","0","68","27"
"PRGn","11","div","1","A","64","0","75"
"PRGn","11","div","2","B","118","42","131"
"PRGn","11","div","3","D","153","112","171"
"PRGn","11","div","4","F","194","165","207"
"PRGn","11","div","5","G","231","212","232"
"PRGn","11","div","6","H","247","247","247"
"PRGn","11","div","7","I","217","240","211"
"PRGn","11","div","8","J","166","219","160"
"PRGn","11","div","9","L","90","174","97"
"PRGn","11","div","10","N","27","120","55"
"PRGn","11","div","11","O","0","68","27"
"PuBu","3","seq","1","C","236","231","242"
"PuBu","3","seq","2","F","166","189","219"
"PuBu","3","seq","3","I","43","140","190"
"PuBu","4","seq","1","B","241","238","246"
"PuBu","4","seq","2","E","189","201","225"
"PuBu","4","seq","3","G","116","169","207"
"PuBu","4","seq","4","J","5","112","176"
"PuBu","5","seq","1","B","241","238","246"
"PuBu","5","seq","2","E","189","201","225"
"PuBu","5","seq","3","G","116","169","207"
"PuBu","5","seq","4","I","43","140","190"
"PuBu","5","seq","5","K","4","90","141"
"PuBu","6","seq","1","B","241","238","246"
"PuBu","6","seq","2","D","208","209","230"
"PuBu","6","seq","3","F","166","189","219"
"PuBu","6","seq","4","G","116","169","207"
"PuBu","6","seq","5","I","43","140","190"
"PuBu","6","seq","6","K","4","90","141"
"PuBu","7","seq","1","B","241","238","246"
"PuBu","7","seq","2","D","208","209","230"
"PuBu","7","seq","3","F","166","189","219"
"PuBu","7","seq","4","G","116","169","207"
"PuBu","7","seq","5","H","54","144","192"
"PuBu","7","seq","6","J","5","112","176"
"PuBu","7","seq","7","L","3","78","123"
"PuBu","8","seq","1","A","255","247","251"
"PuBu","8","seq","2","C","236","231","242"
"PuBu","8","seq","3","D","208","209","230"
"PuBu","8","seq","4","F","166","189","219"
"PuBu","8","seq","5","G","116","169","207"
"PuBu","8","seq","6","H","54","144","192"
"PuBu","8","seq","7","J","5","112","176"
"PuBu","8","seq","8","L","3","78","123"
"PuBu","9","seq","1","A","255","247","251"
"PuBu","9","seq","2","C","236","231","242"
"PuBu","9","seq","3","D","208","209","230"
"PuBu","9","seq","4","F","166","189","219"
"PuBu","9","seq","5","G","116","169","207"
"PuBu","9","seq","6","H","54","144","192"
"PuBu","9","seq","7","J","5","112","176"
"PuBu","9","seq","8","K","4","90","141"
"PuBu","9","seq","9","M","2","56","88"
"PuBu","10","seq","1","A","255","247","251"
"PuBu","10","seq","2","C","236","231","242"
"PuBu","10","seq","3","D","208","209","230"
"PuBu","10","seq","4","F","166","189","219"
"PuBu","10","seq","5","G","116","169","207"
"PuBu","10","seq","6","H","54","144","192"
"PuBu","10","seq","7","J","5","112","176"
"PuBu","10","seq","8","K","4","90","141"
"PuBu","10","seq","9","M","2","56","88"
"PuBu","10","seq","10","O","1","35","56"
"PuBuGn","3","seq","1","C","236","226","240"
"PuBuGn","3","seq","2","F","166","189","219"
"PuBuGn","3","seq","3","I","28","144","153"
"PuBuGn","4","seq","1","B","246","239","247"
"PuBuGn","4","seq","2","E","189","201","225"
"PuBuGn","4","seq","3","G","103","169","207"
"PuBuGn","4","seq","4","J","2","129","138"
"PuBuGn","5","seq","1","B","246","239","247"
"PuBuGn","5","seq","2","E","189","201","225"
"PuBuGn","5","seq","3","G","103","169","207"
"PuBuGn","5","seq","4","I","28","144","153"
"PuBuGn","5","seq","5","K","1","108","89"
"PuBuGn","6","seq","1","B","246","239","247"
"PuBuGn","6","seq","2","D","208","209","230"
"PuBuGn","6","seq","3","F","166","189","219"
"PuBuGn","6","seq","4","G","103","169","207"
"PuBuGn","6","seq","5","I","28","144","153"
"PuBuGn","6","seq","6","K","1","108","89"
"PuBuGn","7","seq","1","B","246","239","247"
"PuBuGn","7","seq","2","D","208","209","230"
"PuBuGn","7","seq","3","F","166","189","219"
"PuBuGn","7","seq","4","G","103","169","207"
"PuBuGn","7","seq","5","H","54","144","192"
"PuBuGn","7","seq","6","J","2","129","138"
"PuBuGn","7","seq","7","L","1","100","80"
"PuBuGn","8","seq","1","A","255","247","251"
"PuBuGn","8","seq","2","C","236","226","240"
"PuBuGn","8","seq","3","D","208","209","230"
"PuBuGn","8","seq","4","F","166","189","219"
"PuBuGn","8","seq","5","G","103","169","207"
"PuBuGn","8","seq","6","H","54","144","192"
"PuBuGn","8","seq","7","J","2","129","138"
"PuBuGn","8","seq","8","L","1","100","80"
"PuBuGn","9","seq","1","A","255","247","251"
"PuBuGn","9","seq","2","C","236","226","240"
"PuBuGn","9","seq","3","D","208","209","230"
"PuBuGn","9","seq","4","F","166","189","219"
"PuBuGn","9","seq","5","G","103","169","207"
"PuBuGn","9","seq","6","H","54","144","192"
"PuBuGn","9","seq","7","J","2","129","138"
"PuBuGn","9","seq","8","K","1","108","89"
"PuBuGn","9","seq","9","M","1","70","54"
"PuBuGn","10","seq","1","A","255","247","251"
"PuBuGn","10","seq","2","C","236","226","240"
"PuBuGn","10","seq","3","D","208","209","230"
"PuBuGn","10","seq","4","F","166","189","219"
"PuBuGn","10","seq","5","G","103","169","207"
"PuBuGn","10","seq","6","H","54","144","192"
"PuBuGn","10","seq","7","J","2","129","138"
"PuBuGn","10","seq","8","K","1","108","89"
"PuBuGn","10","seq","9","M","1","70","54"
"PuBuGn","10","seq","10","O","0","44","34"
"PuOr","3","div","1","E","241","163","64"
"PuOr","3","div","2","H","247","247","247"
"PuOr","3","div","3","K","153","142","195"
"PuOr","4","div","1","C","230","97","1"
"PuOr","4","div","2","F","253","184","99"
"PuOr","4","div","3","J","178","171","210"
"PuOr","4","div","4","M","94","60","153"
"PuOr","5","div","1","C","230","97","1"
"PuOr","5","div","2","F","253","184","99"
"PuOr","5","div","3","H","247","247","247"
"PuOr","5","div","4","J","178","171","210"
"PuOr","5","div","5","M","94","60","153"
"PuOr","6","div","1","B","179","88","6"
"PuOr","6","div","2","E","241","163","64"
"PuOr","6","div","3","G","254","224","182"
"PuOr","6","div","4","I","216","218","235"
"PuOr","6","div","5","K","153","142","195"
"PuOr","6","div","6","N","84","39","136"
"PuOr","7","div","1","B","179","88","6"
"PuOr","7","div","2","E","241","163","64"
"PuOr","7","div","3","G","254","224","182"
"PuOr","7","div","4","H","247","247","247"
"PuOr","7","div","5","I","216","218","235"
"PuOr","7","div","6","K","153","142","195"
"PuOr","7","div","7","N","84","39","136"
"PuOr","8","div","1","B","179","88","6"
"PuOr","8","div","2","D","224","130","20"
"PuOr","8","div","3","F","253","184","99"
"PuOr","8","div","4","G","254","224","182"
"PuOr","8","div","5","I","216","218","235"
"PuOr","8","div","6","J","178","171","210"
"PuOr","8","div","7","L","128","115","172"
"PuOr","8","div","8","N","84","39","136"
"PuOr","9","div","1","B","179","88","6"
"PuOr","9","div","2","D","224","130","20"
"PuOr","9","div","3","F","253","184","99"
"PuOr","9","div","4","G","254","224","182"
"PuOr","9","div","5","H","247","247","247"
"PuOr","9","div","6","I","216","218","235"
"PuOr","9","div","7","J","178","171","210"
"PuOr","9","div","8","L","128","115","172"
"PuOr","9","div","9","N","84","39","136"
"PuOr","10","div","1","A","127","59","8"
"PuOr","10","div","2","B","179","88","6"
"PuOr","10","div","3","D","224","130","20"
"PuOr","10","div","4","F","253","184","99"
"PuOr","10","div","5","G","254","224","182"
"PuOr","10","div","6","I","216","218","235"
"PuOr","10","div","7","J","178","171","210"
"PuOr","10","div","8","L","128","115","172"
"PuOr","10","div","9","N","84","39","136"
"PuOr","10","div","10","O","45","0","75"
"PuOr","11","div","1","A","127","59","8"
"PuOr","11","div","2","B","179","88","6"
"PuOr","11","div","3","D","224","130","20"
"PuOr","11","div","4","F","253","184","99"
"PuOr","11","div","5","G","254","224","182"
"PuOr","11","div","6","H","247","247","247"
"PuOr","11","div","7","I","216","218","235"
"PuOr","11","div","8","J","178","171","210"
"PuOr","11","div","9","L","128","115","172"
"PuOr","11","div","10","N","84","39","136"
"PuOr","11","div","11","O","45","0","75"
"PuRd","3","seq","1","C","231","225","239"
"PuRd","3","seq","2","F","201","148","199"
"PuRd","3","seq","3","I","221","28","119"
"PuRd","4","seq","1","B","241","238","246"
"PuRd","4","seq","2","E","215","181","216"
"PuRd","4","seq","3","G","223","101","176"
"PuRd","4","seq","4","J","206","18","86"
"PuRd","5","seq","1","B","241","238","246"
"PuRd","5","seq","2","E","215","181","216"
"PuRd","5","seq","3","G","223","101","176"
"PuRd","5","seq","4","I","221","28","119"
"PuRd","5","seq","5","K","152","0","67"
"PuRd","6","seq","1","B","241","238","246"
"PuRd","6","seq","2","D","212","185","218"
"PuRd","6","seq","3","F","201","148","199"
"PuRd","6","seq","4","G","223","101","176"
"PuRd","6","seq","5","I","221","28","119"
"PuRd","6","seq","6","K","152","0","67"
"PuRd","7","seq","1","B","241","238","246"
"PuRd","7","seq","2","D","212","185","218"
"PuRd","7","seq","3","F","201","148","199"
"PuRd","7","seq","4","G","223","101","176"
"PuRd","7","seq","5","H","231","41","138"
"PuRd","7","seq","6","J","206","18","86"
"PuRd","7","seq","7","L","145","0","63"
"PuRd","8","seq","1","A","247","244","249"
"PuRd","8","seq","2","C","231","225","239"
"PuRd","8","seq","3","D","212","185","218"
"PuRd","8","seq","4","F","201","148","199"
"PuRd","8","seq","5","G","223","101","176"
"PuRd","8","seq","6","H","231","41","138"
"PuRd","8","seq","7","J","206","18","86"
"PuRd","8","seq","8","L","145","0","63"
"PuRd","9","seq","1","A","247","244","249"
"PuRd","9","seq","2","C","231","225","239"
"PuRd","9","seq","3","D","212","185","218"
"PuRd","9","seq","4","F","201","148","199"
"PuRd","9","seq","5","G","223","101","176"
"PuRd","9","seq","6","H","231","41","138"
"PuRd","9","seq","7","J","206","18","86"
"PuRd","9","seq","8","K","152","0","67"
"PuRd","9","seq","9","M","103","0","31"
"PuRd","10","seq","1","A","247","244","249"
"PuRd","10","seq","2","C","231","225","239"
"PuRd","10","seq","3","D","212","185","218"
"PuRd","10","seq","4","F","201","148","199"
"PuRd","10","seq","5","G","223","101","176"
"PuRd","10","seq","6","H","231","41","138"
"PuRd","10","seq","7","J","206","18","86"
"PuRd","10","seq","8","K","152","0","67"
"PuRd","10","seq","9","M","103","0","31"
"PuRd","10","seq","10","O","66","0","19"
"Purples","3","seq","1","C","239","237","245"
"Purples","3","seq","2","F","188","189","220"
"Purples","3","seq","3","I","117","107","177"
"Purples","4","seq","1","B","242","240","247"
"Purples","4","seq","2","E","203","201","226"
"Purples","4","seq","3","G","158","154","200"
"Purples","4","seq","4","J","106","81","163"
"Purples","5","seq","1","B","242","240","247"
"Purples","5","seq","2","E","203","201","226"
"Purples","5","seq","3","G","158","154","200"
"Purples","5","seq","4","I","117","107","177"
"Purples","5","seq","5","K","84","39","143"
"Purples","6","seq","1","B","242","240","247"
"Purples","6","seq","2","D","218","218","235"
"Purples","6","seq","3","F","188","189","220"
"Purples","6","seq","4","G","158","154","200"
"Purples","6","seq","5","I","117","107","177"
"Purples","6","seq","6","K","84","39","143"
"Purples","7","seq","1","B","242","240","247"
"Purples","7","seq","2","D","218","218","235"
"Purples","7","seq","3","F","188","189","220"
"Purples","7","seq","4","G","158","154","200"
"Purples","7","seq","5","H","128","125","186"
"Purples","7","seq","6","J","106","81","163"
"Purples","7","seq","7","L","74","20","134"
"Purples","8","seq","1","A","252","251","253"
"Purples","8","seq","2","C","239","237","245"
"Purples","8","seq","3","D","218","218","235"
"Purples","8","seq","4","F","188","189","220"
"Purples","8","seq","5","G","158","154","200"
"Purples","8","seq","6","H","128","125","186"
"Purples","8","seq","7","J","106","81","163"
"Purples","8","seq","8","L","74","20","134"
"Purples","9","seq","1","A","252","251","253"
"Purples","9","seq","2","C","239","237","245"
"Purples","9","seq","3","D","218","218","235"
"Purples","9","seq","4","F","188","189","220"
"Purples","9","seq","5","G","158","154","200"
"Purples","9","seq","6","H","128","125","186"
"Purples","9","seq","7","J","106","81","163"
"Purples","9","seq","8","K","84","39","143"
"Purples","9","seq","9","M","63","0","125"
"Purples","10","seq","1","A","252","251","253"
"Purples","10","seq","2","C","239","237","245"
"Purples","10","seq","3","D","218","218","235"
"Purples","10","seq","4","F","188","189","220"
"Purples","10","seq","5","G","158","154","200"
"Purples","10","seq","6","H","128","125","186"
"Purples","10","seq","7","J","106","81","163"
"Purples","10","seq","8","K","84","39","143"
"Purples","10","seq","9","M","63","0","125"
"Purples","10","seq","10","O","40","0","80"
"RdBu","3","div","1","E","239","138","98"
"RdBu","3","div","2","H","247","247","247"
"RdBu","3","div","3","K","103","169","207"
"RdBu","4","div","1","C","202","0","32"
"RdBu","4","div","2","F","244","165","130"
"RdBu","4","div","3","J","146","197","222"
"RdBu","4","div","4","M","5","113","176"
"RdBu","5","div","1","C","202","0","32"
"RdBu","5","div","2","F","244","165","130"
"RdBu","5","div","3","H","247","247","247"
"RdBu","5","div","4","J","146","197","222"
"RdBu","5","div","5","M","5","113","176"
"RdBu","6","div","1","B","178","24","43"
"RdBu","6","div","2","E","239","138","98"
"RdBu","6","div","3","G","253","219","199"
"RdBu","6","div","4","I","209","229","240"
"RdBu","6","div","5","K","103","169","207"
"RdBu","6","div","6","N","33","102","172"
"RdBu","7","div","1","B","178","24","43"
"RdBu","7","div","2","E","239","138","98"
"RdBu","7","div","3","G","253","219","199"
"RdBu","7","div","4","H","247","247","247"
"RdBu","7","div","5","I","209","229","240"
"RdBu","7","div","6","K","103","169","207"
"RdBu","7","div","7","N","33","102","172"
"RdBu","8","div","1","B","178","24","43"
"RdBu","8","div","2","D","214","96","77"
"RdBu","8","div","3","F","244","165","130"
"RdBu","8","div","4","G","253","219","199"
"RdBu","8","div","5","I","209","229","240"
"RdBu","8","div","6","J","146","197","222"
"RdBu","8","div","7","L","67","147","195"
"RdBu","8","div","8","N","33","102","172"
"RdBu","9","div","1","B","178","24","43"
"RdBu","9","div","2","D","214","96","77"
"RdBu","9","div","3","F","244","165","130"
"RdBu","9","div","4","G","253","219","199"
"RdBu","9","div","5","H","247","247","247"
"RdBu","9","div","6","I","209","229","240"
"RdBu","9","div","7","J","146","197","222"
"RdBu","9","div","8","L","67","147","195"
"RdBu","9","div","9","N","33","102","172"
"RdBu","10","div","1","A","103","0","31"
"RdBu","10","div","2","B","178","24","43"
"RdBu","10","div","3","D","214","96","77"
"RdBu","10","div","4","F","244","165","130"
"RdBu","10","div","5","G","253","219","199"
"RdBu","10","div","6","I","209","229","240"
"RdBu","10","div","7","J","146","197","222"
"RdBu","10","div","8","L","67","147","195"
"RdBu","10","div","9","N","33","102","172"
"RdBu","10","div","10","O","5","48","97"
"RdBu","11","div","1","A","103","0","31"
"RdBu","11","div","2","B","178","24","43"
"RdBu","11","div","3","D","214","96","77"
"RdBu","11","div","4","F","244","165","130"
"RdBu","11","div","5","G","253","219","199"
"RdBu","11","div","6","H","247","247","247"
"RdBu","11","div","7","I","209","229","240"
"RdBu","11","div","8","J","146","197","222"
"RdBu","11","div","9","L","67","147","195"
"RdBu","11","div","10","N","33","102","172"
"RdBu","11","div","11","O","5","48","97"
"RdGy","3","div","1","E","239","138","98"
"RdGy","3","div","2","H","255","255","255"
"RdGy","3","div","3","K","153","153","153"
"RdGy","4","div","1","C","202","0","32"
"RdGy","4","div","2","F","244","165","130"
"RdGy","4","div","3","J","186","186","186"
"RdGy","4","div","4","M","64","64","64"
"RdGy","5","div","1","C","202","0","32"
"RdGy","5","div","2","F","244","165","130"
"RdGy","5","div","3","H","255","255","255"
"RdGy","5","div","4","J","186","186","186"
"RdGy","5","div","5","M","64","64","64"
"RdGy","6","div","1","B","178","24","43"
"RdGy","6","div","2","E","239","138","98"
"RdGy","6","div","3","G","253","219","199"
"RdGy","6","div","4","I","224","224","224"
"RdGy","6","div","5","K","153","153","153"
"RdGy","6","div","6","N","77","77","77"
"RdGy","7","div","1","B","178","24","43"
"RdGy","7","div","2","E","239","138","98"
"RdGy","7","div","3","G","253","219","199"
"RdGy","7","div","4","H","255","255","255"
"RdGy","7","div","5","I","224","224","224"
"RdGy","7","div","6","K","153","153","153"
"RdGy","7","div","7","N","77","77","77"
"RdGy","8","div","1","B","178","24","43"
"RdGy","8","div","2","D","214","96","77"
"RdGy","8","div","3","F","244","165","130"
"RdGy","8","div","4","G","253","219","199"
"RdGy","8","div","5","I","224","224","224"
"RdGy","8","div","6","J","186","186","186"
"RdGy","8","div","7","L","135","135","135"
"RdGy","8","div","8","N","77","77","77"
"RdGy","9","div","1","B","178","24","43"
"RdGy","9","div","2","D","214","96","77"
"RdGy","9","div","3","F","244","165","130"
"RdGy","9","div","4","G","253","219","199"
"RdGy","9","div","5","H","255","255","255"
"RdGy","9","div","6","I","224","224","224"
"RdGy","9","div","7","J","186","186","186"
"RdGy","9","div","8","L","135","135","135"
"RdGy","9","div","9","N","77","77","77"
"RdGy","10","div","1","A","103","0","31"
"RdGy","10","div","2","B","178","24","43"
"RdGy","10","div","3","D","214","96","77"
"RdGy","10","div","4","F","244","165","130"
"RdGy","10","div","5","G","253","219","199"
"RdGy","10","div","6","I","224","224","224"
"RdGy","10","div","7","J","186","186","186"
"RdGy","10","div","8","L","135","135","135"
"RdGy","10","div","9","N","77","77","77"
"RdGy","10","div","10","O","26","26","26"
"RdGy","11","div","1","A","103","0","31"
"RdGy","11","div","2","B","178","24","43"
"RdGy","11","div","3","D","214","96","77"
"RdGy","11","div","4","F","244","165","130"
"RdGy","11","div","5","G","253","219","199"
"RdGy","11","div","6","H","255","255","255"
"RdGy","11","div","7","I","224","224","224"
"RdGy","11","div","8","J","186","186","186"
"RdGy","11","div","9","L","135","135","135"
"RdGy","11","div","10","N","77","77","77"
"RdGy","11","div","11","O","26","26","26"
"RdPu","3","seq","1","C","253","224","221"
"RdPu","3","seq","2","F","250","159","181"
"RdPu","3","seq","3","I","197","27","138"
"RdPu","4","seq","1","B","254","235","226"
"RdPu","4","seq","2","E","251","180","185"
"RdPu","4","seq","3","G","247","104","161"
"RdPu","4","seq","4","J","174","1","126"
"RdPu","5","seq","1","B","254","235","226"
"RdPu","5","seq","2","E","251","180","185"
"RdPu","5","seq","3","G","247","104","161"
"RdPu","5","seq","4","I","197","27","138"
"RdPu","5","seq","5","K","122","1","119"
"RdPu","6","seq","1","B","254","235","226"
"RdPu","6","seq","2","D","252","197","192"
"RdPu","6","seq","3","F","250","159","181"
"RdPu","6","seq","4","G","247","104","161"
"RdPu","6","seq","5","I","197","27","138"
"RdPu","6","seq","6","K","122","1","119"
"RdPu","7","seq","1","B","254","235","226"
"RdPu","7","seq","2","D","252","197","192"
"RdPu","7","seq","3","F","250","159","181"
"RdPu","7","seq","4","G","247","104","161"
"RdPu","7","seq","5","H","221","52","151"
"RdPu","7","seq","6","J","174","1","126"
"RdPu","7","seq","7","L","122","1","119"
"RdPu","8","seq","1","A","255","247","243"
"RdPu","8","seq","2","C","253","224","221"
"RdPu","8","seq","3","D","252","197","192"
"RdPu","8","seq","4","F","250","159","181"
"RdPu","8","seq","5","G","247","104","161"
"RdPu","8","seq","6","H","221","52","151"
"RdPu","8","seq","7","J","174","1","126"
"RdPu","8","seq","8","L","122","1","119"
"RdPu","9","seq","1","A","255","247","243"
"RdPu","9","seq","2","C","253","224","221"
"RdPu","9","seq","3","D","252","197","192"
"RdPu","9","seq","4","F","250","159","181"
"RdPu","9","seq","5","G","247","104","161"
"RdPu","9","seq","6","H","221","52","151"
"RdPu","9","seq","7","J","174","1","126"
"RdPu","9","seq","8","K","122","1","119"
"RdPu","9","seq","9","M","73","0","106"
"RdPu","10","seq","1","A","255","247","243"
"RdPu","10","seq","2","C","253","224","221"
"RdPu","10","seq","3","D","252","197","192"
"RdPu","10","seq","4","F","250","159","181"
"RdPu","10","seq","5","G","247","104","161"
"RdPu","10","seq","6","H","221","52","151"
"RdPu","10","seq","7","J","174","1","126"
"RdPu","10","seq","8","K","122","1","119"
"RdPu","10","seq","9","M","73","0","106"
"RdPu","10","seq","10","O","46","0","68"
"RdYlBu","3","div","1","E","252","141","89"
"RdYlBu","3","div","2","H","255","255","191"
"RdYlBu","3","div","3","K","145","191","219"
"RdYlBu","4","div","1","C","215","25","28"
"RdYlBu","4","div","2","F","253","174","97"
"RdYlBu","4","div","3","J","171","217","233"
"RdYlBu","4","div","4","M","44","123","182"
"RdYlBu","5","div","1","C","215","25","28"
"RdYlBu","5","div","2","F","253","174","97"
"RdYlBu","5","div","3","H","255","255","191"
"RdYlBu","5","div","4","J","171","217","233"
"RdYlBu","5","div","5","M","44","123","182"
"RdYlBu","6","div","1","B","215","48","39"
"RdYlBu","6","div","2","E","252","141","89"
"RdYlBu","6","div","3","G","254","224","144"
"RdYlBu","6","div","4","I","224","243","248"
"RdYlBu","6","div","5","K","145","191","219"
"RdYlBu","6","div","6","N","69","117","180"
"RdYlBu","7","div","1","B","215","48","39"
"RdYlBu","7","div","2","E","252","141","89"
"RdYlBu","7","div","3","G","254","224","144"
"RdYlBu","7","div","4","H","255","255","191"
"RdYlBu","7","div","5","I","224","243","248"
"RdYlBu","7","div","6","K","145","191","219"
"RdYlBu","7","div","7","N","69","117","180"
"RdYlBu","8","div","1","B","215","48","39"
"RdYlBu","8","div","2","D","244","109","67"
"RdYlBu","8","div","3","F","253","174","97"
"RdYlBu","8","div","4","G","254","224","144"
"RdYlBu","8","div","5","I","224","243","248"
"RdYlBu","8","div","6","J","171","217","233"
"RdYlBu","8","div","7","L","116","173","209"
"RdYlBu","8","div","8","N","69","117","180"
"RdYlBu","9","div","1","B","215","48","39"
"RdYlBu","9","div","2","D","244","109","67"
"RdYlBu","9","div","3","F","253","174","97"
"RdYlBu","9","div","4","G","254","224","144"
"RdYlBu","9","div","5","H","255","255","191"
"RdYlBu","9","div","6","I","224","243","248"
"RdYlBu","9","div","7","J","171","217","233"
"RdYlBu","9","div","8","L","116","173","209"
"RdYlBu","9","div","9","N","69","117","180"
"RdYlBu","10","div","1","A","165","0","38"
"RdYlBu","10","div","2","B","215","48","39"
"RdYlBu","10","div","3","D","244","109","67"
"RdYlBu","10","div","4","F","253","174","97"
"RdYlBu","10","div","5","G","254","224","144"
"RdYlBu","10","div","6","I","224","243","248"
"RdYlBu","10","div","7","J","171","217","233"
"RdYlBu","10","div","8","L","116","173","209"
"RdYlBu","10","div","9","N","69","117","180"
"RdYlBu","10","div","10","O","49","54","149"
"RdYlBu","11","div","1","A","165","0","38"
"RdYlBu","11","div","2","B","215","48","39"
"RdYlBu","11","div","3","D","244","109","67"
"RdYlBu","11","div","4","F","253","174","97"
"RdYlBu","11","div","5","G","254","224","144"
"RdYlBu","11","div","6","H","255","255","191"
"RdYlBu","11","div","7","I","224","243","248"
"RdYlBu","11","div","8","J","171","217","233"
"RdYlBu","11","div","9","L","116","173","209"
"RdYlBu","11","div","10","N","69","117","180"
"RdYlBu","11","div","11","O","49","54","149"
"RdYlGn","3","div","1","E","252","141","89"
"RdYlGn","3","div","2","H","255","255","191"
"RdYlGn","3","div","3","K","145","207","96"
"RdYlGn","4","div","1","C","215","25","28"
"RdYlGn","4","div","2","F","253","174","97"
"RdYlGn","4","div","3","J","166","217","106"
"RdYlGn","4","div","4","M","26","150","65"
"RdYlGn","5","div","1","C","215","25","28"
"RdYlGn","5","div","2","F","253","174","97"
"RdYlGn","5","div","3","H","255","255","191"
"RdYlGn","5","div","4","J","166","217","106"
"RdYlGn","5","div","5","M","26","150","65"
"RdYlGn","6","div","1","B","215","48","39"
"RdYlGn","6","div","2","E","252","141","89"
"RdYlGn","6","div","3","G","254","224","139"
"RdYlGn","6","div","4","I","217","239","139"
"RdYlGn","6","div","5","K","145","207","96"
"RdYlGn","6","div","6","N","26","152","80"
"RdYlGn","7","div","1","B","215","48","39"
"RdYlGn","7","div","2","E","252","141","89"
"RdYlGn","7","div","3","G","254","224","139"
"RdYlGn","7","div","4","H","255","255","191"
"RdYlGn","7","div","5","I","217","239","139"
"RdYlGn","7","div","6","K","145","207","96"
"RdYlGn","7","div","7","N","26","152","80"
"RdYlGn","8","div","1","B","215","48","39"
"RdYlGn","8","div","2","D","244","109","67"
"RdYlGn","8","div","3","F","253","174","97"
"RdYlGn","8","div","4","G","254","224","139"
"RdYlGn","8","div","5","I","217","239","139"
"RdYlGn","8","div","6","J","166","217","106"
"RdYlGn","8","div","7","L","102","189","99"
"RdYlGn","8","div","8","N","26","152","80"
"RdYlGn","9","div","1","B","215","48","39"
"RdYlGn","9","div","2","D","244","109","67"
"RdYlGn","9","div","3","F","253","174","97"
"RdYlGn","9","div","4","G","254","224","139"
"RdYlGn","9","div","5","H","255","255","191"
"RdYlGn","9","div","6","I","217","239","139"
"RdYlGn","9","div","7","J","166","217","106"
"RdYlGn","9","div","8","L","102","189","99"
"RdYlGn","9","div","9","N","26","152","80"
"RdYlGn","10","div","1","A","165","0","38"
"RdYlGn","10","div","2","B","215","48","39"
"RdYlGn","10","div","3","D","244","109","67"
"RdYlGn","10","div","4","F","253","174","97"
"RdYlGn","10","div","5","G","254","224","139"
"RdYlGn","10","div","6","I","217","239","139"
"RdYlGn","10","div","7","J","166","217","106"
"RdYlGn","10","div","8","L","102","189","99"
"RdYlGn","10","div","9","N","26","152","80"
"RdYlGn","10","div","10","O","0","104","55"
"RdYlGn","11","div","1","A","165","0","38"
"RdYlGn","11","div","2","B","215","48","39"
"RdYlGn","11","div","3","D","244","109","67"
"RdYlGn","11","div","4","F","253","174","97"
"RdYlGn","11","div","5","G","254","224","139"
"RdYlGn","11","div","6","H","255","255","191"
"RdYlGn","11","div","7","I","217","239","139"
"RdYlGn","11","div","8","J","166","217","106"
"RdYlGn","11","div","9","L","102","189","99"
"RdYlGn","11","div","10","N","26","152","80"
"RdYlGn","11","div","11","O","0","104","55"
"Reds","3","seq","1","C","254","224","210"
"Reds","3","seq","2","F","252","146","114"
"Reds","3","seq","3","I","222","45","38"
"Reds","4","seq","1","B","254","229","217"
"Reds","4","seq","2","E","252","174","145"
"Reds","4","seq","3","G","251","106","74"
"Reds","4","seq","4","J","203","24","29"
"Reds","5","seq","1","B","254","229","217"
"Reds","5","seq","2","E","252","174","145"
"Reds","5","seq","3","G","251","106","74"
"Reds","5","seq","4","I","222","45","38"
"Reds","5","seq","5","K","165","15","21"
"Reds","6","seq","1","B","254","229","217"
"Reds","6","seq","2","D","252","187","161"
"Reds","6","seq","3","F","252","146","114"
"Reds","6","seq","4","G","251","106","74"
"Reds","6","seq","5","I","222","45","38"
"Reds","6","seq","6","K","165","15","21"
"Reds","7","seq","1","B","254","229","217"
"Reds","7","seq","2","D","252","187","161"
"Reds","7","seq","3","F","252","146","114"
"Reds","7","seq","4","G","251","106","74"
"Reds","7","seq","5","H","239","59","44"
"Reds","7","seq","6","J","203","24","29"
"Reds","7","seq","7","L","153","0","13"
"Reds","8","seq","1","A","255","245","240"
"Reds","8","seq","2","C","254","224","210"
"Reds","8","seq","3","D","252","187","161"
"Reds","8","seq","4","F","252","146","114"
"Reds","8","seq","5","G","251","106","74"
"Reds","8","seq","6","H","239","59","44"
"Reds","8","seq","7","J","203","24","29"
"Reds","8","seq","8","L","153","0","13"
"Reds","9","seq","1","A","255","245","240"
"Reds","9","seq","2","C","254","224","210"
"Reds","9","seq","3","D","252","187","161"
"Reds","9","seq","4","F","252","146","114"
"Reds","9","seq","5","G","251","106","74"
"Reds","9","seq","6","H","239","59","44"
"Reds","9","seq","7","J","203","24","29"
"Reds","9","seq","8","K","165","15","21"
"Reds","9","seq","9","M","103","0","13"
"Reds","10","seq","1","A","255","245","240"
"Reds","10","seq","2","C","254","224","210"
"Reds","10","seq","3","D","252","187","161"
"Reds","10","seq","4","F","252","146","114"
"Reds","10","seq","5","G","251","106","74"
"Reds","10","seq","6","H","239","59","44"
"Reds","10","seq","7","J","203","24","29"
"Reds","10","seq","8","K","165","15","21"
"Reds","10","seq","9","M","103","0","13"
"Reds","10","seq","10","O","66","0","8"
"Set1","3","qual","1","A","228","26","28"
"Set1","3","qual","2","B","55","126","184"
"Set1","3","qual","3","C","77","175","74"
"Set1","4","qual","1","A","228","26","28"
"Set1","4","qual","2","B","55","126","184"
"Set1","4","qual","3","C","77","175","74"
"Set1","4","qual","4","D","152","78","163"
"Set1","5","qual","1","A","228","26","28"
"Set1","5","qual","2","B","55","126","184"
"Set1","5","qual","3","C","77","175","74"
"Set1","5","qual","4","D","152","78","163"
"Set1","5","qual","5","E","255","127","0"
"Set1","6","qual","1","A","228","26","28"
"Set1","6","qual","2","B","55","126","184"
"Set1","6","qual","3","C","77","175","74"
"Set1","6","qual","4","D","152","78","163"
"Set1","6","qual","5","E","255","127","0"
"Set1","6","qual","6","F","255","255","51"
"Set1","7","qual","1","A","228","26","28"
"Set1","7","qual","2","B","55","126","184"
"Set1","7","qual","3","C","77","175","74"
"Set1","7","qual","4","D","152","78","163"
"Set1","7","qual","5","E","255","127","0"
"Set1","7","qual","6","F","255","255","51"
"Set1","7","qual","7","G","166","86","40"
"Set1","8","qual","1","A","228","26","28"
"Set1","8","qual","2","B","55","126","184"
"Set1","8","qual","3","C","77","175","74"
"Set1","8","qual","4","D","152","78","163"
"Set1","8","qual","5","E","255","127","0"
"Set1","8","qual","6","F","255","255","51"
"Set1","8","qual","7","G","166","86","40"
"Set1","8","qual","8","H","247","129","191"
"Set1","9","qual","1","A","228","26","28"
"Set1","9","qual","2","B","55","126","184"
"Set1","9","qual","3","C","77","175","74"
"Set1","9","qual","4","D","152","78","163"
"Set1","9","qual","5","E","255","127","0"
"Set1","9","qual","6","F","255","255","51"
"Set1","9","qual","7","G","166","86","40"
"Set1","9","qual","8","H","247","129","191"
"Set1","9","qual","9","I","153","153","153"
"Set2","3","qual","1","A","102","194","165"
"Set2","3","qual","2","B","252","141","98"
"Set2","3","qual","3","C","141","160","203"
"Set2","4","qual","1","A","102","194","165"
"Set2","4","qual","2","B","252","141","98"
"Set2","4","qual","3","C","141","160","203"
"Set2","4","qual","4","D","231","138","195"
"Set2","5","qual","1","A","102","194","165"
"Set2","5","qual","2","B","252","141","98"
"Set2","5","qual","3","C","141","160","203"
"Set2","5","qual","4","D","231","138","195"
"Set2","5","qual","5","E","166","216","84"
"Set2","6","qual","1","A","102","194","165"
"Set2","6","qual","2","B","252","141","98"
"Set2","6","qual","3","C","141","160","203"
"Set2","6","qual","4","D","231","138","195"
"Set2","6","qual","5","E","166","216","84"
"Set2","6","qual","6","F","255","217","47"
"Set2","7","qual","1","A","102","194","165"
"Set2","7","qual","2","B","252","141","98"
"Set2","7","qual","3","C","141","160","203"
"Set2","7","qual","4","D","231","138","195"
"Set2","7","qual","5","E","166","216","84"
"Set2","7","qual","6","F","255","217","47"
"Set2","7","qual","7","G","229","196","148"
"Set2","8","qual","1","A","102","194","165"
"Set2","8","qual","2","B","252","141","98"
"Set2","8","qual","3","C","141","160","203"
"Set2","8","qual","4","D","231","138","195"
"Set2","8","qual","5","E","166","216","84"
"Set2","8","qual","6","F","255","217","47"
"Set2","8","qual","7","G","229","196","148"
"Set2","8","qual","8","H","179","179","179"
"Set3","3","qual","1","A","141","211","199"
"Set3","3","qual","2","B","255","255","179"
"Set3","3","qual","3","C","190","186","218"
"Set3","4","qual","1","A","141","211","199"
"Set3","4","qual","2","B","255","255","179"
"Set3","4","qual","3","C","190","186","218"
"Set3","4","qual","4","D","251","128","114"
"Set3","5","qual","1","A","141","211","199"
"Set3","5","qual","2","B","255","255","179"
"Set3","5","qual","3","C","190","186","218"
"Set3","5","qual","4","D","251","128","114"
"Set3","5","qual","5","E","128","177","211"
"Set3","6","qual","1","A","141","211","199"
"Set3","6","qual","2","B","255","255","179"
"Set3","6","qual","3","C","190","186","218"
"Set3","6","qual","4","D","251","128","114"
"Set3","6","qual","5","E","128","177","211"
"Set3","6","qual","6","F","253","180","98"
"Set3","7","qual","1","A","141","211","199"
"Set3","7","qual","2","B","255","255","179"
"Set3","7","qual","3","C","190","186","218"
"Set3","7","qual","4","D","251","128","114"
"Set3","7","qual","5","E","128","177","211"
"Set3","7","qual","6","F","253","180","98"
"Set3","7","qual","7","G","179","222","105"
"Set3","8","qual","1","A","141","211","199"
"Set3","8","qual","2","B","255","255","179"
"Set3","8","qual","3","C","190","186","218"
"Set3","8","qual","4","D","251","128","114"
"Set3","8","qual","5","E","128","177","211"
"Set3","8","qual","6","F","253","180","98"
"Set3","8","qual","7","G","179","222","105"
"Set3","8","qual","8","H","252","205","229"
"Set3","9","qual","1","A","141","211","199"
"Set3","9","qual","2","B","255","255","179"
"Set3","9","qual","3","C","190","186","218"
"Set3","9","qual","4","D","251","128","114"
"Set3","9","qual","5","E","128","177","211"
"Set3","9","qual","6","F","253","180","98"
"Set3","9","qual","7","G","179","222","105"
"Set3","9","qual","8","H","252","205","229"
"Set3","9","qual","9","I","217","217","217"
"Set3","10","qual","1","A","141","211","199"
"Set3","10","qual","2","B","255","255","179"
"Set3","10","qual","3","C","190","186","218"
"Set3","10","qual","4","D","251","128","114"
"Set3","10","qual","5","E","128","177","211"
"Set3","10","qual","6","F","253","180","98"
"Set3","10","qual","7","G","179","222","105"
"Set3","10","qual","8","H","252","205","229"
"Set3","10","qual","9","I","217","217","217"
"Set3","10","qual","10","J","188","128","189"
"Set3","11","qual","1","A","141","211","199"
"Set3","11","qual","2","B","255","255","179"
"Set3","11","qual","3","C","190","186","218"
"Set3","11","qual","4","D","251","128","114"
"Set3","11","qual","5","E","128","177","211"
"Set3","11","qual","6","F","253","180","98"
"Set3","11","qual","7","G","179","222","105"
"Set3","11","qual","8","H","252","205","229"
"Set3","11","qual","9","I","217","217","217"
"Set3","11","qual","10","J","188","128","189"
"Set3","11","qual","11","K","204","235","197"
"Set3","12","qual","1","A","141","211","199"
"Set3","12","qual","2","B","255","255","179"
"Set3","12","qual","3","C","190","186","218"
"Set3","12","qual","4","D","251","128","114"
"Set3","12","qual","5","E","128","177","211"
"Set3","12","qual","6","F","253","180","98"
"Set3","12","qual","7","G","179","222","105"
"Set3","12","qual","8","H","252","205","229"
"Set3","12","qual","9","I","217","217","217"
"Set3","12","qual","10","J","188","128","189"
"Set3","12","qual","11","K","204","235","197"
"Set3","12","qual","12","L","255","237","111"
"Spectral","3","div","1","E","252","141","89"
"Spectral","3","div","2","H","255","255","191"
"Spectral","3","div","3","K","153","213","148"
"Spectral","4","div","1","C","215","25","28"
"Spectral","4","div","2","F","253","174","97"
"Spectral","4","div","3","J","171","221","164"
"Spectral","4","div","4","M","43","131","186"
"Spectral","5","div","1","C","215","25","28"
"Spectral","5","div","2","F","253","174","97"
"Spectral","5","div","3","H","255","255","191"
"Spectral","5","div","4","J","171","221","164"
"Spectral","5","div","5","M","43","131","186"
"Spectral","6","div","1","B","213","62","79"
"Spectral","6","div","2","E","252","141","89"
"Spectral","6","div","3","G","254","224","139"
"Spectral","6","div","4","I","230","245","152"
"Spectral","6","div","5","K","153","213","148"
"Spectral","6","div","6","N","50","136","189"
"Spectral","7","div","1","B","213","62","79"
"Spectral","7","div","2","E","252","141","89"
"Spectral","7","div","3","G","254","224","139"
"Spectral","7","div","4","H","255","255","191"
"Spectral","7","div","5","I","230","245","152"
"Spectral","7","div","6","K","153","213","148"
"Spectral","7","div","7","N","50","136","189"
"Spectral","8","div","1","B","213","62","79"
"Spectral","8","div","2","D","244","109","67"
"Spectral","8","div","3","F","253","174","97"
"Spectral","8","div","4","G","254","224","139"
"Spectral","8","div","5","I","230","245","152"
"Spectral","8","div","6","J","171","221","164"
"Spectral","8","div","7","L","102","194","165"
"Spectral","8","div","8","N","50","136","189"
"Spectral","9","div","1","B","213","62","79"
"Spectral","9","div","2","D","244","109","67"
"Spectral","9","div","3","F","253","174","97"
"Spectral","9","div","4","G","254","224","139"
"Spectral","9","div","5","H","255","255","191"
"Spectral","9","div","6","I","230","245","152"
"Spectral","9","div","7","J","171","221","164"
"Spectral","9","div","8","L","102","194","165"
"Spectral","9","div","9","N","50","136","189"
"Spectral","10","div","1","A","158","1","66"
"Spectral","10","div","2","B","213","62","79"
"Spectral","10","div","3","D","244","109","67"
"Spectral","10","div","4","F","253","174","97"
"Spectral","10","div","5","G","254","224","139"
"Spectral","10","div","6","I","230","245","152"
"Spectral","10","div","7","J","171","221","164"
"Spectral","10","div","8","L","102","194","165"
"Spectral","10","div","9","N","50","136","189"
"Spectral","10","div","10","O","94","79","162"
"Spectral","11","div","1","A","158","1","66"
"Spectral","11","div","2","B","213","62","79"
"Spectral","11","div","3","D","244","109","67"
"Spectral","11","div","4","F","253","174","97"
"Spectral","11","div","5","G","254","224","139"
"Spectral","11","div","6","H","255","255","191"
"Spectral","11","div","7","I","230","245","152"
"Spectral","11","div","8","J","171","221","164"
"Spectral","11","div","9","L","102","194","165"
"Spectral","11","div","10","N","50","136","189"
"Spectral","11","div","11","O","94","79","162"
"YlGn","3","seq","1","C","247","252","185"
"YlGn","3","seq","2","F","173","221","142"
"YlGn","3","seq","3","I","49","163","84"
"YlGn","4","seq","1","B","255","255","204"
"YlGn","4","seq","2","E","194","230","153"
"YlGn","4","seq","3","G","120","198","121"
"YlGn","4","seq","4","J","35","132","67"
"YlGn","5","seq","1","B","255","255","204"
"YlGn","5","seq","2","E","194","230","153"
"YlGn","5","seq","3","G","120","198","121"
"YlGn","5","seq","4","I","49","163","84"
"YlGn","5","seq","5","K","0","104","55"
"YlGn","6","seq","1","B","255","255","204"
"YlGn","6","seq","2","D","217","240","163"
"YlGn","6","seq","3","F","173","221","142"
"YlGn","6","seq","4","G","120","198","121"
"YlGn","6","seq","5","I","49","163","84"
"YlGn","6","seq","6","K","0","104","55"
"YlGn","7","seq","1","B","255","255","204"
"YlGn","7","seq","2","D","217","240","163"
"YlGn","7","seq","3","F","173","221","142"
"YlGn","7","seq","4","G","120","198","121"
"YlGn","7","seq","5","H","65","171","93"
"YlGn","7","seq","6","J","35","132","67"
"YlGn","7","seq","7","L","0","90","50"
"YlGn","8","seq","1","A","255","255","229"
"YlGn","8","seq","2","C","247","252","185"
"YlGn","8","seq","3","D","217","240","163"
"YlGn","8","seq","4","F","173","221","142"
"YlGn","8","seq","5","G","120","198","121"
"YlGn","8","seq","6","H","65","171","93"
"YlGn","8","seq","7","J","35","132","67"
"YlGn","8","seq","8","L","0","90","50"
"YlGn","9","seq","1","A","255","255","229"
"YlGn","9","seq","2","C","247","252","185"
"YlGn","9","seq","3","D","217","240","163"
"YlGn","9","seq","4","F","173","221","142"
"YlGn","9","seq","5","G","120","198","121"
"YlGn","9","seq","6","H","65","171","93"
"YlGn","9","seq","7","J","35","132","67"
"YlGn","9","seq","8","K","0","104","55"
"YlGn","9","seq","9","M","0","44","26"
"YlGn","10","seq","1","A","255","255","229"
"YlGn","10","seq","2","C","247","252","185"
"YlGn","10","seq","3","D","217","240","163"
"YlGn","10","seq","4","F","173","221","142"
"YlGn","10","seq","5","G","120","198","121"
"YlGn","10","seq","6","H","65","171","93"
"YlGn","10","seq","7","J","35","132","67"
"YlGn","10","seq","8","K","0","104","55"
"YlGn","10","seq","9","M","0","69","41"
"YlGn","10","seq","10","O","0","66","35"
"YlGnBu","3","seq","1","C","237","248","177"
"YlGnBu","3","seq","2","F","127","205","187"
"YlGnBu","3","seq","3","I","44","127","184"
"YlGnBu","4","seq","1","B","255","255","204"
"YlGnBu","4","seq","2","E","161","218","180"
"YlGnBu","4","seq","3","G","65","182","196"
"YlGnBu","4","seq","4","J","34","94","168"
"YlGnBu","5","seq","1","B","255","255","204"
"YlGnBu","5","seq","2","E","161","218","180"
"YlGnBu","5","seq","3","G","65","182","196"
"YlGnBu","5","seq","4","I","44","127","184"
"YlGnBu","5","seq","5","K","37","52","148"
"YlGnBu","6","seq","1","B","255","255","204"
"YlGnBu","6","seq","2","D","199","233","180"
"YlGnBu","6","seq","3","F","127","205","187"
"YlGnBu","6","seq","4","G","65","182","196"
"YlGnBu","6","seq","5","I","44","127","184"
"YlGnBu","6","seq","6","K","37","52","148"
"YlGnBu","7","seq","1","B","255","255","204"
"YlGnBu","7","seq","2","D","199","233","180"
"YlGnBu","7","seq","3","F","127","205","187"
"YlGnBu","7","seq","4","G","65","182","196"
"YlGnBu","7","seq","5","H","29","145","192"
"YlGnBu","7","seq","6","J","34","94","168"
"YlGnBu","7","seq","7","L","12","44","132"
"YlGnBu","8","seq","1","A","255","255","217"
"YlGnBu","8","seq","2","C","237","248","177"
"YlGnBu","8","seq","3","D","199","233","180"
"YlGnBu","8","seq","4","F","127","205","187"
"YlGnBu","8","seq","5","G","65","182","196"
"YlGnBu","8","seq","6","H","29","145","192"
"YlGnBu","8","seq","7","J","34","94","168"
"YlGnBu","8","seq","8","L","12","44","132"
"YlGnBu","9","seq","1","A","255","255","217"
"YlGnBu","9","seq","2","C","237","248","177"
"YlGnBu","9","seq","3","D","199","233","180"
"YlGnBu","9","seq","4","F","127","205","187"
"YlGnBu","9","seq","5","G","65","182","196"
"YlGnBu","9","seq","6","H","29","145","192"
"YlGnBu","9","seq","7","J","34","94","168"
"YlGnBu","9","seq","8","K","37","52","148"
"YlGnBu","9","seq","9","M","8","29","88"
"YlGnBu","10","seq","1","A","255","255","217"
"YlGnBu","10","seq","2","C","237","248","177"
"YlGnBu","10","seq","3","D","199","233","180"
"YlGnBu","10","seq","4","F","127","205","187"
"YlGnBu","10","seq","5","G","65","182","196"
"YlGnBu","10","seq","6","H","29","145","192"
"YlGnBu","10","seq","7","J","34","94","168"
"YlGnBu","10","seq","8","K","37","52","148"
"YlGnBu","10","seq","9","M","8","29","88"
"YlGnBu","10","seq","10","O","23","33","95"
"YlOrBr","3","seq","1","C","255","247","188"
"YlOrBr","3","seq","2","F","254","196","79"
"YlOrBr","3","seq","3","I","217","95","14"
"YlOrBr","4","seq","1","B","255","255","212"
"YlOrBr","4","seq","2","E","254","217","142"
"YlOrBr","4","seq","3","G","254","153","41"
"YlOrBr","4","seq","4","J","204","76","2"
"YlOrBr","5","seq","1","B","255","255","212"
"YlOrBr","5","seq","2","E","254","217","142"
"YlOrBr","5","seq","3","G","254","153","41"
"YlOrBr","5","seq","4","I","217","95","14"
"YlOrBr","5","seq","5","K","153","52","4"
"YlOrBr","6","seq","1","B","255","255","212"
"YlOrBr","6","seq","2","D","254","227","145"
"YlOrBr","6","seq","3","F","254","196","79"
"YlOrBr","6","seq","4","G","254","153","41"
"YlOrBr","6","seq","5","I","217","95","14"
"YlOrBr","6","seq","6","K","153","52","4"
"YlOrBr","7","seq","1","B","255","255","212"
"YlOrBr","7","seq","2","D","254","227","145"
"YlOrBr","7","seq","3","F","254","196","79"
"YlOrBr","7","seq","4","G","254","153","41"
"YlOrBr","7","seq","5","H","236","112","20"
"YlOrBr","7","seq","6","J","204","76","2"
"YlOrBr","7","seq","7","L","140","45","4"
"YlOrBr","8","seq","1","A","255","255","229"
"YlOrBr","8","seq","2","C","255","247","188"
"YlOrBr","8","seq","3","D","254","227","145"
"YlOrBr","8","seq","4","F","254","196","79"
"YlOrBr","8","seq","5","G","254","153","41"
"YlOrBr","8","seq","6","H","236","112","20"
"YlOrBr","8","seq","7","J","204","76","2"
"YlOrBr","8","seq","8","L","140","45","4"
"YlOrBr","9","seq","1","A","255","255","229"
"YlOrBr","9","seq","2","C","255","247","188"
"YlOrBr","9","seq","3","D","254","227","145"
"YlOrBr","9","seq","4","F","254","196","79"
"YlOrBr","9","seq","5","G","254","153","41"
"YlOrBr","9","seq","6","H","236","112","20"
"YlOrBr","9","seq","7","J","204","76","2"
"YlOrBr","9","seq","8","K","153","52","4"
"YlOrBr","9","seq","9","M","102","37","6"
"YlOrBr","10","seq","1","A","255","255","229"
"YlOrBr","10","seq","2","C","255","247","188"
"YlOrBr","10","seq","3","D","254","227","145"
"YlOrBr","10","seq","4","F","254","196","79"
"YlOrBr","10","seq","5","G","254","153","41"
"YlOrBr","10","seq","6","H","236","112","20"
"YlOrBr","10","seq","7","J","204","76","2"
"YlOrBr","10","seq","8","K","153","52","4"
"YlOrBr","10","seq","9","M","102","37","6"
"YlOrBr","10","seq","10","O","65","23","3"
"YlOrRd","3","seq","1","C","255","237","160"
"YlOrRd","3","seq","2","F","254","178","76"
"YlOrRd","3","seq","3","I","240","59","32"
"YlOrRd","4","seq","1","B","255","255","178"
"YlOrRd","4","seq","2","E","254","204","92"
"YlOrRd","4","seq","3","G","253","141","60"
"YlOrRd","4","seq","4","J","227","26","28"
"YlOrRd","5","seq","1","B","255","255","178"
"YlOrRd","5","seq","2","E","254","204","92"
"YlOrRd","5","seq","3","G","253","141","60"
"YlOrRd","5","seq","4","I","240","59","32"
"YlOrRd","5","seq","5","K","189","0","38"
"YlOrRd","6","seq","1","B","255","255","178"
"YlOrRd","6","seq","2","D","254","217","118"
"YlOrRd","6","seq","3","F","254","178","76"
"YlOrRd","6","seq","4","G","253","141","60"
"YlOrRd","6","seq","5","I","240","59","32"
"YlOrRd","6","seq","6","K","189","0","38"
"YlOrRd","7","seq","1","B","255","255","178"
"YlOrRd","7","seq","2","D","254","217","118"
"YlOrRd","7","seq","3","F","254","178","76"
"YlOrRd","7","seq","4","G","253","141","60"
"YlOrRd","7","seq","5","H","252","78","42"
"YlOrRd","7","seq","6","J","227","26","28"
"YlOrRd","7","seq","7","L","177","0","38"
"YlOrRd","8","seq","1","A","255","255","204"
"YlOrRd","8","seq","2","C","255","237","160"
"YlOrRd","8","seq","3","D","254","217","118"
"YlOrRd","8","seq","4","F","254","178","76"
"YlOrRd","8","seq","5","G","253","141","60"
"YlOrRd","8","seq","6","H","252","78","42"
"YlOrRd","8","seq","7","J","227","26","28"
"YlOrRd","8","seq","8","L","177","0","38"
"YlOrRd","9","seq","1","A","255","255","204"
"YlOrRd","9","seq","2","C","255","237","160"
"YlOrRd","9","seq","3","D","254","217","118"
"YlOrRd","9","seq","4","F","254","178","76"
"YlOrRd","9","seq","5","G","253","141","60"
"YlOrRd","9","seq","6","H","252","78","42"
"YlOrRd","9","seq","7","J","227","26","28"
"YlOrRd","9","seq","8","K","189","0","38"
"YlOrRd","9","seq","9","M","128","0","38"
"YlOrRd","10","seq","1","A","255","255","204"
"YlOrRd","10","seq","2","C","255","237","160"
"YlOrRd","10","seq","3","D","254","217","118"
"YlOrRd","10","seq","4","F","254","178","76"
"YlOrRd","10","seq","5","G","253","141","60"
"YlOrRd","10","seq","6","H","252","78","42"
"YlOrRd","10","seq","7","J","227","26","28"
"YlOrRd","10","seq","8","K","189","0","38"
"YlOrRd","10","seq","9","M","128","0","38"
"YlOrRd","10","seq","10","O","82","0","24"
